{
	"format_version": [1,1,0],
	"sticky_piston": {
		"textures": {
			"up": "piston_inner_sticky",
			"down": "piston_bottom_sticky",
			"side": "piston_side_sticky"
		},
		"carried_textures": {
			"up": "piston_top_sticky",
			"down": "piston_bottom_sticky",
			"side": "piston_side_sticky"
		},
		"sound": "stone"
	},
	"hopper": {
		"textures": {
			"up": "hopper_up",
			"down": "hopper_down",
			"north": "hopper_n",
			"south": "hopper_s",
			"west": "hopper_w",
			"east": "hopper_e"
		},
		"sound": "metal"
	}
}
