{
	"namespace": "crafting",

	"drop_one_button@common_buttons.light_text_button":{
		"anchor_from": "bottom_right",
		"anchor_to": "bottom_right",
		"size": [18,18],
		"offset": [-7,0],
		"ignored": "(not $touch)",
		"$button_text": "①",
		"$pressed_button_name": "button.cursor_drop_one"
	},
	"survival_panel_top_half": {
		"type": "panel",
		"size": [ "100%", "50%" ],
		"anchor_to": "top_left",
		"anchor_from": "top_left",
		"controls": [
			{ "drop_one_button@crafting.drop_one_button": {} },
			{ "player_armor_panel@player_armor_panel": {} },
			{ "crafting_panel@crafting_panel_2x2": {} }
		]
	},
	"crafting_panel_top_half": {
		"type": "panel",
		"size": [ "100%", "50%" ],
		"anchor_from": "top_left",
		"anchor_to": "top_left",
		"controls": [
			{ "drop_one_button@crafting.drop_one_button": {} },
			{ "crafting_panel@work_bench_panel_3x3": {"offset": [ 29, 0 ]} }
		]
	}
}
