{"format_version":"1.8.0","minecraft:client_entity":{"description":{"identifier":"minecraft:bat","materials":{"default":"bat"},"textures":{"default":"textures/entity/bat"},"geometry":{"default":"geometry.bat"},"scripts":{"scale":"0.35"},"animations":{"resting":"animation.bat.resting","flying":"animation.bat.flying","hbar":""},"particle_effects":{"hbar":"toko:hbar"},"animation_controllers":[{"move":"controller.animation.bat.move"},{"hbar":"controller.animation.hbar"}],"render_controllers":["controller.render.bat"],"spawn_egg":{"texture":"spawn_egg","texture_index":18}}}}