{"format_version":"1.8.0","minecraft:client_entity":{"description":{"identifier":"minecraft:blaze","min_engine_version":"1.8.0","materials":{"body":"blaze_body","head":"blaze_head"},"textures":{"default":"textures/entity/blaze"},"geometry":{"default":"geometry.blaze"},"animations":{"look_at_target":"animation.common.look_at_target","move":"animation.blaze.move","hbar":""},"particle_effects":{"charged_flames":"minecraft:mobflame_emitter","hbar":"toko:hbar"},"animation_controllers":[{"move":"controller.animation.blaze.move"},{"flame":"controller.animation.blaze.flame"},{"hbar":"controller.animation.hbar"}],"render_controllers":["controller.render.blaze"],"spawn_egg":{"texture":"spawn_egg","texture_index":21}}}}