{"format_version":"1.8.0","minecraft:client_entity":{"description":{"identifier":"minecraft:cave_spider","min_engine_version":"1.8.0","materials":{"default":"spider","invisible":"spider_invisible"},"textures":{"default":"textures/entity/spider/cave_spider"},"geometry":{"default":"geometry.spider.v1.8"},"scripts":{"scale":"0.7"},"animations":{"default_leg_pose":"animation.spider.default_leg_pose","look_at_target":"animation.spider.look_at_target","walk":"animation.spider.walk","hbar":""},"particle_effects":{"hbar":"toko:hbar"},"animation_controllers":[{"move":"controller.animation.spider.move"},{"hbar":"controller.animation.hbar"}],"render_controllers":["controller.render.spider"],"spawn_egg":{"texture":"spawn_egg","texture_index":22}}}}