{"format_version":"1.8.0","minecraft:client_entity":{"description":{"identifier":"minecraft:endermite","materials":{"default":"endermite"},"textures":{"default":"textures/entity/endermite"},"geometry":{"default":"geometry.endermite"},"animations":{"move":"animation.endermite.move","hbar":""},"particle_effects":{"hbar":"toko:hbar"},"animation_controllers":[{"move":"controller.animation.endermite.move"},{"hbar":"controller.animation.hbar"}],"render_controllers":["controller.render.endermite"],"spawn_egg":{"texture":"spawn_egg","texture_index":25}}}}