{"format_version":"1.8.0","minecraft:client_entity":{"description":{"identifier":"minecraft:ghast","materials":{"default":"ghast"},"textures":{"default":"textures/entity/ghast/ghast","shooting":"textures/entity/ghast/ghast_shooting"},"geometry":{"default":"geometry.ghast"},"animations":{"move":"animation.ghast.move","scale":"animation.ghast.scale","hbar":""},"particle_effects":{"hbar":"toko:hbar"},"animation_controllers":[{"move":"controller.animation.ghast.move"},{"scale":"controller.animation.ghast.scale"},{"hbar":"controller.animation.hbar"}],"render_controllers":["controller.render.ghast"],"spawn_egg":{"texture":"spawn_egg","texture_index":19}}}}