{"format_version":"1.10.0","minecraft:client_entity":{"description":{"identifier":"minecraft:squid","materials":{"default":"squid"},"textures":{"default":"textures/entity/squid"},"geometry":{"default":"geometry.squid"},"scripts":{"animate":["move","squid_rotate","hbar"]},"animations":{"move":"animation.squid.move","squid_rotate":"animation.squid.rotate","hbar":"controller.animation.hbar"},"particle_effects":{"hbar":"toko:hbar"},"render_controllers":["controller.render.squid"],"spawn_egg":{"texture":"spawn_egg","texture_index":15}}}}