{
	"namespace": "command_block",

	"previous_command_block_info_stack": {"size": [ "15%", 10 ]},
	"right_scroll_panel_content": {
		"type": "stack_panel",
		"orientation": "vertical",
		"controls": [
			{
				"command_block_commands_panel": {
					"type": "stack_panel",
					"orientation": "vertical",
					"size": [ "100%", "100%c + 4px" ],
					"anchor_from": "top_left",
					"anchor_to": "top_left",
					"controls": [
						{
							"spacer2": {
								"type": "panel",
								"visible": true,
								"size": [ 0, 1 ]
							}
						},
						{
							"command_block_commands_text@command_block.command_block_text_edit_box": {
								"anchor_from": "left_middle",
								"anchor_to": "left_middle",
								"$focus_id": "command_block_commands_text",
								"focus_change_left": "hover_note_text",
								"focus_change_up": "hover_note_text",
								"size": [ "100%", 180 ],
								"max_length": 32500,
								"$text_box_name": "command_block.command_text",
								"$text_edit_box_content_binding_name": "#command_text_edit",
								"$place_holder_text": "Enter your command input here"
							}
						},
						{"plus_button@command_block.plus_button": {"layer": 2,"size":["100%",16]}}
					]
				}
			},
			{
				"command_block_previous_output_panel": {
					"type": "stack_panel",
					"orientation": "vertical",
					"size": [ "100%", "100%c + 4px" ],
					"anchor_from": "center",
					"anchor_to": "center",
					"controls": [
						{
							"previous_output_label_stack_centering_panel": {
								"type": "panel",
								"size": [ "100%", "100%c" ],
								"controls": [
									{
										"previous_output_label_stack": {
											"type": "stack_panel",
											"orientation": "horizontal",
											"size": [ "100%", 12 ],
											"offset": [ 2, 0 ],
											"controls": [
												{
													"show_output_toggle@settings_common.option_toggle": {
														"size": [ 32, 12 ],
														"$show_option_label": false,
														"$focus_id": "show_output_toggle",
														"$option_binding_name": "#track_output_binding",
														"$option_enabled_binding_name": "#close_button_visible_binding_name",
														"$toggle_name": "track_output"
													}
												},
												{
													"option_label": {
														"type": "label",
														"color": "$body_text_color",
														"size": [ "30%", "default" ],
														"layer": 2,
														"text": "advMode.previousOutput",
														"visible": true,
														"locked_alpha": 0.5
													}
												},
												{
													"command_block_previous_mode_panel":{
														"type": "stack_panel",
														"orientation": "horizontal",
														"size": ["100%","100%c"],
														"controls": [
															{
																"previous_block_type_text@command_block.previous_command_block_info_stack": {
																	"$text_binding_name": "#previous_block_type_text",
																	"$text_color_binding_name": "#previous_block_type_text_color",
																	"$bind_type": "global"
																}
															},
															{
																"previous_conditional_mode_text@command_block.previous_command_block_info_stack": {
																	"$text_binding_name": "#previous_condition_mode_text"
																}
															},
															{
																"previous_redstone_mode_text@command_block.previous_command_block_info_stack": {
																	"$text_binding_name": "#previous_redstone_mode_text"
																}
															}
														]
													}
												}
											]
										}
									}
								]
							}
						},
						{
							"spacer": {
								"type": "panel",
								"visible": true,
								"size": [ 0, 1 ]
							}
						},
						//command output text
						{
							"command_output_text_centering_panel": {
								"type": "panel",
								"size": [ "100%", "100%c" ],
								"controls": [
									{
										"command_output_text@command_block.command_block_multiline_text_edit_box": {
											"anchor_from": "center",
											"anchor_to": "center",
											//26 to imitate spacing for plus image above - 4px for side spacing
											"size": [ "85% + 26px", 30 ],
											"focus_enabled": false,
											"$text_box_name": "command_block.output_text",
											"max_length": 32500,
											"$text_edit_box_content_binding_name": "#command_output_text",
											"$place_holder_text": "",
											//we dont want selection on the output window
											"button_mappings": [
												{
													"from_button_id": "button.menu_select",
													"to_button_id": "button.menu_select",
													"handle_select": false,
													"handle_deselect": false,
													"mapping_type": "pressed"
												},
												{
													"from_button_id": "button.menu_ok",
													"to_button_id": "button.menu_ok",
													"handle_select": false,
													"handle_deselect": false,
													"mapping_type": "focused"
												},
												{
													"from_button_id": "button.menu_cancel",
													"to_button_id": "button.menu_cancel",
													"handle_select": false,
													"handle_deselect": false,
													"mapping_type": "global"
												}
											]
										}
									}
								]
							}
						}
					]
				}
			}
		]
	}
}
