{
	"namespace": "chat",
	"txt_button@common_buttons.light_text_button": {
		"size": [ 27, 27 ],
		"ignored": "(not $touch)",
		"layer": 1,
		"anchor_from": "bottom_right",
		"anchor_to": "bottom_right"
	},
	"wrench_icon": {
		"type": "image",
		"size": [ 15, 15 ],
		"texture": "textures/ui/debug_glyph_color"
	},

	"autocomplete@chat.txt_button": {
		"$button_text": "Tab",
		"offset": [ -28, -32 ],
		"$pressed_button_name": "button.chat_autocomplete"
	},
	"Sautocomplete@chat.txt_button": {
		"$button_text": "§l↑Tab",
		"offset": [ -28, -59 ],
		"$pressed_button_name": "button.chat_autocomplete_back"
	},
	"previous@chat.txt_button": {
		"$button_text": "§l↑",
		"offset": [ -1, -59 ],
		"$pressed_button_name": "button.chat_previous_message"
	},
	"next@chat.txt_button": {
		"$button_text": "§l↓",
		"offset": [ -1, -32 ],
		"$pressed_button_name": "button.chat_next_message"
	},

	"chat_header@common_store.store_top_bar": {
		"anchor_to": "top_left",
		"anchor_from": "top_left",
		"$back_button_text": "controller.buttonTip.back",
		"controls": [
			{
				"title_panel": {
					"type": "panel",
					"size": [ "100%", 19 ],
					"controls": [
						{ "back_button_content_panel@chat.back_content_panel": {"offset":[2,0]} },
						{ "title@chat.title_text": {} },
						{
							"chat_settings_button@common_buttons.dark_content_button": {
								"anchor_to": "top_right",
								"anchor_from": "top_right",
								"size": [17,17],
								"offset": [ -2, 0 ],
								"$button_content": "chat.wrench_icon",
								"$pressed_button_name": "button.open_chat_settings"
							}
						}
					]
				}
			}
		]
	},
	"chat_bottom_panel": {
		"type": "stack_panel",
		"orientation": "horizontal",
		"anchor_from": "bottom_middle",
		"anchor_to": "bottom_middle",
		"size": [ "100%", 27 ],
		"min_size": [ "100%", 27 ],
		"controls": [
			{ "keyboard_button@chat.keyboard_button": {} },
			{ "host_main_button@host_options.host_main_button": { "ignored": "$is_pregame" } },
			{ "text_box@chat.text_edit_box": {} },
			{ "send_button@chat.send_button": { "offset": [ -20, 0 ] } }
		]
	},
	"commands_panel": {
		"type": "panel",
		"anchor_from": "bottom_left",
		"anchor_to": "bottom_left",
		"offset": [ 0, -27 ],
		"size": [ "100%", "100%-50px" ],
		"controls": [
			{
				"auto_complete_panel@chat.auto_complete_panel": {
					"anchor_from": "bottom_left",
					"anchor_to": "bottom_left"
				}
			},
			{"autocomplete@chat.autocomplete": {}},
			{"Sautocomplete@chat.Sautocomplete": {}},
			{"previous@chat.previous": {}},
			{"next@chat.next": {}}
		]
	}
}
