{
	"resource_pack_name": "vanilla",
	"texture_name": "atlas.terrain",
	"padding": 8,
	"num_mip_levels": 4,
	"texture_data": {
		"observer_north": {"textures": ["textures/blocks/observer_f", "textures/blocks/observer_f_"]},
		"observer_south": {"textures": ["textures/blocks/observer_b", "textures/blocks/observer_b_"]},
		"observer_east": {"textures": ["textures/blocks/observer_s", "textures/blocks/observer_s_"]},
		"observer_west": {"textures": ["textures/blocks/observer_s", "textures/blocks/observer_s_"]},
		"observer_top": {"textures": ["textures/blocks/observer_t", "textures/blocks/observer_t_"]},
		"observer_bottom": {"textures": ["textures/blocks/observer_t", "textures/blocks/observer_t_"]},
		"piston_top_sticky": {"textures": ["textures/blocks/sticky_top"]},
		"piston_inner_sticky": {"textures": ["textures/blocks/sticky_inner"]},
		"piston_side_sticky": {"textures": ["textures/blocks/sticky_side"]},
		"piston_bottom_sticky": {"textures": ["textures/blocks/sticky_bottom"]},
		"hopper_up": {
			"textures": [
				"textures/blocks/hopper_t",
				"textures/blocks/missing_tile",
				"textures/blocks/hopper_tu",
				"textures/blocks/hopper_td",
				"textures/blocks/hopper_tl",
				"textures/blocks/hopper_tr",
				"textures/blocks/missing_tile",
				"textures/blocks/missing_tile",
				"textures/blocks/hopper_t_",
				"textures/blocks/missing_tile",
				"textures/blocks/hopper_tu_",
				"textures/blocks/hopper_td_",
				"textures/blocks/hopper_tl_",
				"textures/blocks/hopper_tr_"
			]
		},
		"hopper_down": {
			"textures": [
				"textures/blocks/hopper_b",
				"textures/blocks/missing_tile",
				"textures/blocks/hopper_bd",
				"textures/blocks/hopper_bu",
				"textures/blocks/hopper_bl",
				"textures/blocks/hopper_br",
				"textures/blocks/missing_tile",
				"textures/blocks/missing_tile",
				"textures/blocks/hopper_b_",
				"textures/blocks/missing_tile",
				"textures/blocks/hopper_bd_",
				"textures/blocks/hopper_bu_",
				"textures/blocks/hopper_bl_",
				"textures/blocks/hopper_br_"
			]
		},
		"hopper_n": {
			"textures": [
				"textures/blocks/hopper_s",
				"textures/blocks/missing_tile",
				"textures/blocks/hopper_sd",
				"textures/blocks/hopper_su",
				"textures/blocks/hopper_sr",
				"textures/blocks/hopper_sl",
				"textures/blocks/missing_tile",
				"textures/blocks/missing_tile",
				"textures/blocks/hopper_s_",
				"textures/blocks/missing_tile",
				"textures/blocks/hopper_sd_",
				"textures/blocks/hopper_su_",
				"textures/blocks/hopper_sr_",
				"textures/blocks/hopper_sl_"
			]
		},
		"hopper_s": {
			"textures": [
				"textures/blocks/hopper_s",
				"textures/blocks/missing_tile",
				"textures/blocks/hopper_su",
				"textures/blocks/hopper_sd",
				"textures/blocks/hopper_sl",
				"textures/blocks/hopper_sr",
				"textures/blocks/missing_tile",
				"textures/blocks/missing_tile",
				"textures/blocks/hopper_s_",
				"textures/blocks/missing_tile",
				"textures/blocks/hopper_su_",
				"textures/blocks/hopper_sd_",
				"textures/blocks/hopper_sl_",
				"textures/blocks/hopper_sr_"
			]
		},
		"hopper_w": {
			"textures": [
				"textures/blocks/hopper_s",
				"textures/blocks/missing_tile",
				"textures/blocks/hopper_sl",
				"textures/blocks/hopper_sr",
				"textures/blocks/hopper_sd",
				"textures/blocks/hopper_su",
				"textures/blocks/missing_tile",
				"textures/blocks/missing_tile",
				"textures/blocks/hopper_s_",
				"textures/blocks/missing_tile",
				"textures/blocks/hopper_sl_",
				"textures/blocks/hopper_sr_",
				"textures/blocks/hopper_sd_",
				"textures/blocks/hopper_su_"
			]
		},
		"hopper_e": {
			"textures": [
				"textures/blocks/hopper_s",
				"textures/blocks/missing_tile",
				"textures/blocks/hopper_sr",
				"textures/blocks/hopper_sl",
				"textures/blocks/hopper_su",
				"textures/blocks/hopper_sd",
				"textures/blocks/missing_tile",
				"textures/blocks/missing_tile",
				"textures/blocks/hopper_s_",
				"textures/blocks/missing_tile",
				"textures/blocks/hopper_sr_",
				"textures/blocks/hopper_sl_",
				"textures/blocks/hopper_su_",
				"textures/blocks/hopper_sd_"
			]
		}
	}
}
